{
  "rouge-1": 0,
  "rouge-1-r": 0.18601610024990195,
  "rouge-1-p": 0.13875900110222533,
  "rouge-1-f": 0.14925573007608203,
  "rouge-2": 0,
  "rouge-2-r": 0.031414561711497514,
  "rouge-2-p": 0.02499074238057671,
  "rouge-2-f": 0.025610868716827977,
  "rouge-l": 0,
  "rouge-l-r": 0.16088051810514098,
  "rouge-l-p": 0.11885582212899436,
  "rouge-l-f": 0.12817640888406492
}