{
  "rouge-1": 0,
  "rouge-1-r": 0.19742311043971728,
  "rouge-1-p": 0.1342231148115144,
  "rouge-1-f": 0.15028769646886891,
  "rouge-2": 0,
  "rouge-2-r": 0.03216265014763879,
  "rouge-2-p": 0.02335264785109903,
  "rouge-2-f": 0.02492487301700498,
  "rouge-l": 0,
  "rouge-l-r": 0.16703873408357933,
  "rouge-l-p": 0.11382730170552534,
  "rouge-l-f": 0.12724463172033032
}