{
  "rouge-1": 0,
  "rouge-1-r": 0.1816239598769765,
  "rouge-1-p": 0.1690728381678791,
  "rouge-1-f": 0.1701775106012057,
  "rouge-2": 0,
  "rouge-2-r": 0.028104474271104265,
  "rouge-2-p": 0.02691742508504299,
  "rouge-2-f": 0.026491687456594814,
  "rouge-l": 0,
  "rouge-l-r": 0.16084505730120066,
  "rouge-l-p": 0.1495618216725221,
  "rouge-l-f": 0.15059701075458318
}